<?xml version="1.0" encoding="UTF-8"?>
<project-private xmlns="http://www.netbeans.org/ns/project-private/1">
    <editor-bookmarks xmlns="http://www.netbeans.org/ns/editor-bookmarks/2" lastBookmarkId="0"/>
    <open-files xmlns="http://www.netbeans.org/ns/projectui-open-files/2">
        <group>
            <file>file:/C:/Users/NVITSVBESSS/Documents/NetBeansProjects/POO/SingletonDiscountApp/src/cl/duoc/tienda/Main.java</file>
            <file>file:/C:/Users/NVITSVBESSS/Documents/NetBeansProjects/POO/SingletonDiscountApp/src/cl/duoc/tienda/Singleton.java</file>
            <file>file:/C:/Users/NVITSVBESSS/Documents/NetBeansProjects/POO/SingletonDiscountApp/src/cl/duoc/tienda/ItemDelCarrito.java</file>
            <file>file:/C:/Users/NVITSVBESSS/Documents/NetBeansProjects/POO/SingletonDiscountApp/src/cl/duoc/tienda/FormatoCLP.java</file>
            <file>file:/C:/Users/NVITSVBESSS/Documents/NetBeansProjects/POO/SingletonDiscountApp/src/cl/duoc/tienda/Entidad.java</file>
            <file>file:/C:/Users/NVITSVBESSS/Documents/NetBeansProjects/POO/SingletonDiscountApp/src/cl/duoc/tienda/Descuentos.java</file>
            <file>file:/C:/Users/NVITSVBESSS/Documents/NetBeansProjects/POO/SingletonDiscountApp/src/cl/duoc/tienda/Carrito.java</file>
        </group>
    </open-files>
</project-private>
